{"f431b51d-3177-487f-b993-94b42ba56a21": {"page_num": 0, "type": 7, "rect": [202.56497192382812, 616.224365234375, 545.90380859375, 633.0751342773438], "flags": 4096, "is_readonly": false, "current_value": ""}, "20de19a6-d451-40a1-a43f-f4d5df5ad697": {"page_num": 0, "type": 7, "rect": [352.4534606933594, 657.4077758789062, 553.8820190429688, 674.258544921875], "flags": 4096, "is_readonly": false, "current_value": ""}, "bcb72dfa-7369-43c9-b9f6-a3a56e7d6a26": {"page_num": 0, "type": 2, "rect": [487.7453918457031, 47.6368408203125, 507.1033935546875, 66.99481201171875], "flags": 0, "is_readonly": false, "current_value": "Off"}, "183373c2-504c-487b-a7f2-b1a275c303ef": {"page_num": 0, "type": 7, "rect": [301.98443603515625, 523.0316162109375, 515.7594604492188, 542.0243530273438], "flags": 4096, "is_readonly": false, "current_value": ""}, "944a4d09-b127-4591-8703-0400f3e158ab": {"page_num": 0, "type": 7, "rect": [301.98443603515625, 542.9739990234375, 463.2618103027344, 561.0170288085938], "flags": 4096, "is_readonly": false, "current_value": ""}, "dbd71e88-3ae5-4421-b4a2-7fe99bef6ff5": {"page_num": 0, "type": 7, "rect": [302.4555358886719, 561.5668334960938, 414.7628173828125, 577.138916015625], "flags": 4096, "is_readonly": false, "current_value": ""}, "e84e9cfd-6bc6-45db-97d7-0d7cfc4c3bd7": {"page_num": 0, "type": 7, "rect": [417.5823974609375, 561.5668334960938, 456.52105712890625, 577.1107177734375], "flags": 4096, "is_readonly": false, "current_value": ""}, "73b95e5f-51a7-4263-bf05-fd65b8c063c6": {"page_num": 0, "type": 7, "rect": [457.4921875, 561.5668334960938, 518.6728515625, 577.06982421875], "flags": 4096, "is_readonly": false, "current_value": ""}, "5fb2924e-ba95-4ed3-b05f-24e55bdd21a1": {"page_num": 0, "type": 7, "rect": [464.23504638671875, 543.0750732421875, 517.5492553710938, 561.4918212890625], "flags": 4096, "is_readonly": false, "current_value": ""}, "d73a923c-fea8-44b9-9b70-7e680a3a87ff": {"page_num": 0, "type": 7, "rect": [50.804931640625, 560.5935668945312, 151.58880615234375, 578.39404296875], "flags": 4096, "is_readonly": false, "current_value": ""}, "d091c7c8-9869-4e02-8730-250d436714cd": {"page_num": 0, "type": 7, "rect": [51.75826644897461, 522.0682373046875, 156.4444122314453, 542.9769897460938], "flags": 4096, "is_readonly": false, "current_value": ""}, "e019a1bc-77b4-4bba-a1db-86593dd0bf22": {"page_num": 0, "type": 7, "rect": [51.75826644897461, 545.37548828125, 226.76470947265625, 559.9425048828125], "flags": 4096, "is_readonly": false, "current_value": ""}, "c03d1eef-1f75-450f-b3f6-d971a231adb9": {"page_num": 0, "type": 7, "rect": [102.55948638916016, 205.7349853515625, 556.9586791992188, 230.286376953125], "flags": 4096, "is_readonly": false, "current_value": ""}, "38854868-c71a-448e-9213-6655a7c8268f": {"page_num": 0, "type": 7, "rect": [156.35061645507812, 562.5401000976562, 201.1160125732422, 578.1121215820312], "flags": 4096, "is_readonly": false, "current_value": ""}, "cfdf70fa-d5fb-4dd2-98df-4e786cea45d3": {"page_num": 0, "type": 7, "rect": [159.26397705078125, 521.0087890625, 269.09454345703125, 544.3160400390625], "flags": 4096, "is_readonly": false, "current_value": ""}, "b9f2ce17-7adc-4a9f-997c-356ad54545b2": {"page_num": 0, "type": 7, "rect": [205.97161865234375, 563.5133666992188, 268.1234130859375, 578.1121215820312], "flags": 4096, "is_readonly": false, "current_value": ""}, "73f1d79e-c8c9-4983-beb7-d9ec97336ec5": {"page_num": 0, "type": 7, "rect": [227.73794555664062, 545.0215454101562, 267.79791259765625, 560.9136352539062], "flags": 4096, "is_readonly": false, "current_value": ""}, "ec6987f6-f9c6-4739-b2a3-4a96667103d6": {"page_num": 0, "type": 7, "rect": [278.2400817871094, 265.087158203125, 555.0594482421875, 284.890380859375], "flags": 4096, "is_readonly": false, "current_value": ""}, "57ec6ae6-ad53-4510-b73f-b73eb5f1af44": {"page_num": 0, "type": 7, "rect": [362.65130615234375, 312.20269775390625, 555.3485717773438, 332.12164306640625], "flags": 4096, "is_readonly": false, "current_value": ""}, "5cea2c91-9d21-422b-ac23-6c865f5d9f31": {"page_num": 0, "type": 7, "rect": [363.2352294921875, 334.10931396484375, 555.0594482421875, 352.0974426269531], "flags": 4096, "is_readonly": false, "current_value": ""}, "47ce1f07-2519-4fdc-859e-e3372ea4b56b": {"page_num": 0, "type": 7, "rect": [363.2352294921875, 354.4715270996094, 445.8387145996094, 370.1522216796875], "flags": 4096, "is_readonly": false, "current_value": ""}, "5a847fb5-1341-4b23-947f-abb6091dd2f0": {"page_num": 0, "type": 7, "rect": [448.7520751953125, 354.3265686035156, 490.51031494140625, 371.67138671875], "flags": 4096, "is_readonly": false, "current_value": ""}, "0db15218-9bd1-482a-a0cd-b45b9c0381e2": {"page_num": 0, "type": 7, "rect": [493.32989501953125, 353.97344970703125, 556.48828125, 372.40582275390625], "flags": 4096, "is_readonly": false, "current_value": ""}, "radio-group-1": {"page_num": 0, "type": 5, "rect": [0.0, 792.0, 0.0, 792.0], "flags": 49152, "is_readonly": false, "current_value": ""}, "60b1628d-bc8c-497d-8fa0-615d8e4b831b": {"page_num": 1, "type": 7, "rect": [50.76095962524414, 103.15179443359375, 192.98780822753906, 119.2403564453125], "flags": 4096, "is_readonly": false, "current_value": ""}, "e4b5ba0d-1673-499e-8b1c-7975b758d130": {"page_num": 1, "type": 7, "rect": [51.27974319458008, 87.29034423828125, 367.98333740234375, 101.1361083984375], "flags": 4096, "is_readonly": false, "current_value": ""}, "894c8880-018e-4d4c-b470-1fa23681184e": {"page_num": 1, "type": 7, "rect": [51.27974319458008, 166.597412109375, 368.4581604003906, 187.5528564453125], "flags": 4096, "is_readonly": false, "current_value": ""}, "a00f1bf2-cf01-469d-9131-c4ef90b5d32c": {"page_num": 1, "type": 7, "rect": [52.38378143310547, 67.2530517578125, 367.98333740234375, 84.18438720703125], "flags": 4096, "is_readonly": false, "current_value": ""}, "42239dc6-f3fe-4bc8-b652-0b31c098ae5a": {"page_num": 1, "type": 7, "rect": [195.6238555908203, 103.15179443359375, 263.04229736328125, 121.65673828125], "flags": 4096, "is_readonly": false, "current_value": ""}, "0fa8a08a-9ace-4686-8217-03fac35cc65a": {"page_num": 1, "type": 7, "rect": [234.55734252929688, 227.74127197265625, 462.4710388183594, 243.581298828125], "flags": 4096, "is_readonly": false, "current_value": ""}, "c60c9eb0-0626-4f6e-8705-7a1415c0cdb8": {"page_num": 1, "type": 7, "rect": [265.6783447265625, 103.15179443359375, 368.784912109375, 120.3349609375], "flags": 4096, "is_readonly": false, "current_value": ""}}